1,repique
2,repique
3,repique
4,repique
5,madera
6,repique
7,mix
8,madera
9,repique
10,mix
11,repique
12,repique
13,repique
14,repique
15,repique
16,madera
17,madera
18,repique
19,repique
20,repique
21,repique
22,repique
23,repique
24,repique
25,repique
26,repique
27,repique
28,madera
29,madera
30,madera
31,madera
32,repique
33,repique
34,repique
35,repique
36,madera
37,madera
38,madera
39,madera
40,repique
41,repique
42,repique
43,repique
44,repique
45,repique
46,repique
47,madera
48,madera
49,madera
50,repique
51,repique
52,repique
53,repique
54,repique
55,repique
56,repique
57,repique
58,repique
59,mix
60,madera
61,madera
62,repique
63,repique
64,repique
65,repique
66,repique
67,repique
68,madera
69,madera
70,repique
71,repique
72,repique
73,repique
74,repique
75,repique
76,repique
77,repique
78,repique
79,repique
80,repique
81,repique
82,mix
83,madera
84,madera
85,repique
86,repique
