1,mix
2,mix
3,madera
4,madera
5,mix
6,madera
7,mix
8,mix
9,madera
10,madera
11,madera
12,mix
13,repique
14,repique
15,repique
16,repique
17,repique
18,repique
19,repique
20,repique
21,repique
22,repique
23,repique
24,repique
25,repique
26,repique
27,repique
28,repique
29,repique
30,repique
31,repique
32,repique
33,repique
34,repique
35,repique
36,repique
37,repique
38,repique
39,repique
40,mix
41,madera
42,mix
43,madera
44,madera
45,madera
46,repique
47,repique
48,repique
49,repique
50,repique
51,repique
52,repique
53,repique
54,repique
55,repique
56,repique
57,repique
58,repique
59,repique
60,repique
61,repique
62,repique
63,repique
64,repique
65,repique
66,repique
67,repique
68,repique
69,repique
70,repique
71,repique
72,repique
73,repique
74,repique
75,repique
76,repique
77,repique
78,repique
79,repique
80,repique
81,repique
82,repique
83,repique
84,madera
85,madera
86,madera
87,madera
88,mix
89,repique
90,repique
91,repique
92,repique
93,repique
94,repique
95,repique
96,repique
97,repique
98,repique
99,repique
100,repique
101,repique
102,repique
103,repique
104,repique
105,repique
106,repique
107,repique
108,repique
109,repique
110,repique
111,repique
112,repique
113,repique
114,repique
115,repique
116,repique
117,repique
118,repique
119,repique
120,repique
121,repique
122,repique
123,repique
124,repique
125,repique
126,repique
127,repique
128,repique
129,repique
